,name,J-cat Score,Sentence Length,Clause Length,Clauses per Sentence,CC Freq,SC Freq,CTTR
0,CCH08,253,11.685019841269842,6.863169642857143,1.5300099206349207,1.0059640522875817,6.373856209150327,5.072710570699728
1,CCH09,294,14.821699134199134,9.006358225108226,1.5880411255411255,0.6352679449266088,7.636479980347456,4.811543081434069
2,CCH11,261,14.687896825396825,9.284722222222223,1.6208333333333333,0.30694639038418997,5.700218698340393,5.026259859084506
3,CCH12,282,15.365694444444443,8.011388889,1.7290277777777776,0.064267352,6.204276842788216,4.938965372
4,CCH13,227,15.059395648211439,9.565159109895951,1.5443865345181134,0.7426966857965553,7.058872936796414,5.0764544517719346
5,CCH16,293,18.51707606119371,9.052735581412053,1.9241273432449901,1.128019989082178,5.895758065046466,5.5272865270068365
6,CCH17,258,14.505438311688312,8.268746617965368,1.584577922077922,0.32094952614527505,5.985781571909653,5.197546035567164
7,CCH18,209,11.842196209587513,7.534536417688592,1.4425027870680045,0.2688172043010753,7.466683951693424,4.902749752695895
8,CCH19,214,13.216575091575091,8.088465354090355,1.5380036630036629,0.320250191,5.521140609636185,5.472385173972601
9,CCH20,200,13.583333333333334,8.572067901234568,1.6185185185185185,0.3024111311112164,6.032690742231976,5.392166354848276
10,CCH21,169,16.520454545454545,8.37962963,1.784469696969697,0.23425787106446777,6.838119401837543,4.725627280415858
11,CCH22,224,15.298488276429453,8.862660256410257,1.6820385496856085,0.1326259946949602,7.133343952695961,5.0006447158624034
12,CCH23,209,13.303392379679146,7.305646074717766,1.6884469696969697,0.8316965780764759,7.071790351377069,5.134186528027813
13,CCH25,161,14.920454545454545,7.5553451178451185,1.7578914141414141,0.074626866,6.382663715507126,5.055515870124604
14,CCH26,198,13.897732023411372,8.331351902173914,1.6388706402293358,0.8677426117225833,5.045859485399523,5.446776690821013
15,CCH27,202,13.826286764705882,9.121043709150328,1.5276838235294117,0.21429882525697505,4.476662194163513,5.337667193124137
16,CCH28,165,14.851706188548295,8.982702589807854,1.5346250240987083,0.7495475187983123,5.787035413926523,5.240456190122648
17,CCH29,203,14.661796536796537,7.065987253487254,1.9384920634920635,0.40281658189459607,7.190993657122295,4.8093489247891466
18,CCH30,186,11.928955610021786,8.264154411764705,1.4193559368191722,0.7317170946016898,4.395839095907352,4.994443324557648
19,CCH31,174,12.076984126984128,7.5433862433862435,1.5140873015873015,1.0643046449993026,4.171699976540135,4.670665288786763
20,CCH32,223,11.017559523809524,8.140029761904762,1.3163690476190477,0.6322003096625203,4.6043723286758445,5.034655266421234
21,CCH33,265,15.979861111111111,8.963657407407407,1.645138888888889,0.17772511848341233,5.596804736231409,5.009004770607116
22,CCH34,214,13.81139122315593,8.101491985683163,1.555672268907563,0.5296821866589309,5.770730207965207,5.289538001637735
23,CCH35,265,18.52811195,9.888304093567251,1.9321637426900584,0.2621248575408383,6.158322412302455,5.941115638365504
24,CCH36,181,12.171756021756021,6.9230413105413104,1.5632867132867132,0.7193640979063232,5.072965454495674,4.612653973157271
25,CCH37,255,13.809615384615384,7.453803418803418,1.5846153846153845,0.4871676487682863,7.063075054878333,5.337418075314332
26,CCH38,239,13.490607155142758,8.081551284256392,1.6230822153422773,0.5814008408727774,6.627510509,5.215419185437359
27,CCH39,227,20.447420634920636,9.756283068783068,1.9692460317460316,0.8507216873771859,5.083495207529999,4.8465694200889295
28,CCH40,215,9.073106060606062,6.459105477855478,1.3422494172494173,0.736229108,3.322839114630719,4.412125709487154
29,CCH42,248,10.694230769230769,7.445940170940171,1.3871794871794871,0.3694581280788177,5.873313144668922,4.862267447911548
30,CCH43,229,15.316183816183816,8.385510323010323,1.6023143523143524,0.8995532315637493,6.147372585364616,5.578053341753403
31,CCH45,264,14.001041666666666,8.405859375,1.5760416666666668,1.0081383676663729,5.899971796925502,5.2081613902442125
32,CCH48,191,13.315058479532164,8.375057593478646,1.5843434343434344,0.5146290491118077,5.905084647758765,4.927656300878385
33,CCH49,147,12.191666666666666,7.224404761904762,1.6488095238095237,0.6078444891470102,5.212726982684966,5.047338080291997
34,CCH50,191,13.12463924963925,7.811303511303512,1.587987012987013,0.6557203357090315,7.254464865215698,5.337346912
35,CCH52,209,14.246753246753247,7.734280303030303,1.5280032467532467,0.38257841760299627,4.739596633469526,4.2059036401748795
36,CCH54,224,14.511217948717949,8.115811965811965,1.7705128205128204,0.5941281858728217,6.091284928690291,4.922854530961953
37,CCH55,286,14.419572368421052,8.948821271929825,1.593092105263158,0.47416825021204473,5.210394864383932,5.672365607399448
38,CCH59,248,12.66231684981685,7.386683455433455,1.5782967032967032,0.8319310388620778,6.389182006305189,4.882632384794561
39,CCH63,176,12.31060606060606,8.306334776334776,1.4650974025974026,1.0267827157213347,4.334193229333894,5.3463420429635935
40,CCM01,299,12.00545634920635,7.852265211640212,1.5882936507936507,0.5997418151827016,6.809661946808989,4.7698917085688315
41,CCM02,218,13.320054945054945,9.246199633699632,1.489010989010989,0.5628544264391606,5.879983004358288,4.981947827998432
42,CCM03,251,14.121527777777779,7.940939153439153,1.5833333333333333,0.37955465587044535,5.932091394739952,4.773273356585743
43,CCM04,267,11.330494505494507,7.0583867521367525,1.5132326007326007,0.42520019842675927,5.331625456882349,4.878418957200835
44,CCM05,259,12.263575605680868,8.334623283636441,1.4119245763982606,0.5897585696865162,5.476943549511743,5.591682378545239
45,CCM06,167,11.064713064713064,7.618131868131868,1.4143009768009769,1.1425391492278576,4.648598108886595,5.072728521067409
46,CCM07,185,10.844951923076923,7.299312232905983,1.3950320512820513,0.6093554443053817,4.584995262770051,4.838999172430775
47,CCM08,235,11.354843073593074,7.7105880230880235,1.3951569264069263,0.23201856148491878,4.141737224644881,4.752837574935658
48,CCM10,235,11.888474025974025,7.351569264069264,1.5603896103896104,0.6523511838614751,5.677588261225626,4.7709455670718075
49,CCM13,216,8.852941176470589,5.815972222222222,1.3106617647058822,0,5.26914911,4.679224956689559
50,CCM14,175,10.901064121300696,7.8367905857995375,1.329914139568871,0.5972696245733788,5.660416894279486,5.148640787791765
51,CCM17,210,13.81811017929439,7.943098531585373,1.6497566030460766,0.8309840757267766,5.3399952444294545,5.580231419063395
52,CCM18,189,13.128846153846155,7.5841817496229265,1.5550904977375564,0.8808620253998406,5.054090628880545,5.149687273211855
53,CCM19,260,14.651442307692307,8.039423076923077,1.5889423076923077,0.27947154471544716,5.666456109592808,4.415378463272635
54,CCM20,256,13.564583333333333,8.677083333333334,1.5284722222222222,0.33709703812796593,5.894938906002522,5.216256825317952
55,CCM22,274,11.652313475997687,7.226835116637748,1.5356178908810487,0.26534051120448177,5.345711189122374,5.116119765006281
56,CCM27,259,19.527247807017545,10.871523209064328,1.7911184210526316,0.7103119945851626,5.946852534294642,5.939010519513513
57,CCM28,199,15.058170995670995,9.155212842712842,1.6691017316017316,0.6733506988630504,4.4736431371678895,4.972854828616015
58,CCM29,229,12.200467914438503,7.421602049910874,1.5236853832442068,0.4587205094803879,4.712986094982278,5.187064495881408
59,CCM30,271,13.344322344322345,7.3274121409990975,1.6580931146148536,0.7574495053335039,5.744723037020792,5.367019232
60,CCM31,215,13.15,8.501388888888888,1.4291666666666667,0.8053537022040739,5.447597599770205,4.535208964190796
61,CCM32,250,13.939153439153438,8.184413580246913,1.5410052910052912,0.14563106796116504,4.792361743,4.992129945469479
62,CCM33,288,15.297939560439561,8.268341727716727,1.715613553113553,0.16918097683624886,5.914276369861348,5.4872163226910216
63,CCM34,253,11.639335664335665,7.888887199756765,1.378283673,0.5921991655687309,4.372717646988046,4.842980231700071
64,CCM35,320,14.844467787114846,9.132761437908497,1.584733893557423,0.6598460194647036,6.982600617992553,5.466701963101609
65,CCM36,192,12.398717948717948,7.974839743589744,1.4830128205128206,0.3700753426930864,6.656891183476551,4.744794904719447
66,CCM37,190,11.662465823650034,7.916442384370016,1.4075956937799043,0.4469928375816305,4.600972065291636,5.23206412
67,CCM39,184,13.72929292929293,10.207070707070708,1.3368686868686868,0.9796283570004558,3.698203489557093,4.846265908668934
68,CCM40,252,10.871266233766233,6.914683441558442,1.410551948051948,0.13850415512465375,6.680246595058593,4.7013106250909145
69,CCM41,251,10.788239538239537,7.357187950937951,1.3648088023088023,0.38461538461538464,6.385500369196021,4.87340796
70,CCM42,200,14.141919191919191,9.250778619528619,1.4848484848484849,1.1145026591110474,4.002596375248996,4.936991834775654
71,CCM43,207,10.396825396825397,6.5509259259259265,1.4503968253968254,0.2380952380952381,5.4938725883791815,4.9724569954066045
72,CCM45,193,13.571699134199134,9.250901875901876,1.4307359307359306,0.7763648393642752,3.473350806481279,4.970509209
73,CCM46,202,11.619021739130435,7.892391304347826,1.5271739130434783,0.6524725274725275,5.815145704851587,4.528662682616412
74,CCM48,235,12.082493894993895,7.635605328313662,1.4603683353683354,0.4197697395998266,4.885960694774067,5.165734068131527
75,CCM49,247,13.237121212121213,7.354671717171717,1.643560606060606,0.30864197530864196,5.794804907841211,5.052853468199021
76,CCM50,310,15.493467059256533,9.008718255428782,1.7001288185498713,0.33049252175664545,5.691675766452112,5.6880283717609235
77,CCM52,229,12.49520202020202,8.490635521885523,1.4656565656565657,0.6178583281968612,5.748912617288699,5.116863213801905
78,CCM54,300,12.668522267206479,7.611998144,1.5551450742240216,1.082979479852153,5.099582922460808,5.070006228919505
79,CCS01,265,15.595238095238095,8.433581349,1.674404761904762,0.25880541047274674,8.271213158,4.96710622
80,CCS02,277,15.818552036199094,7.3548139768728005,1.8542232277526396,0.8081850950169024,6.847228785345664,5.377274690824057
81,CCS09,310,15.497183372183372,8.968871406371406,1.6312402874902876,0.5076214310089865,7.316315312278288,5.084644865406024
82,CCS13,257,12.787280701754387,7.990263157894737,1.491798245614035,0.9351618567720262,6.902403462784818,4.7905699080463435
83,CCS16,260,11.524134199134199,6.769268578643578,1.558982683982684,0.2358490566037736,6.117924833085681,4.926787611177993
84,CCS21,174,12.15483193277311,8.076127450980392,1.4663865546218489,0.48620017758484607,4.507818913776654,5.587038281486803
85,CCS25,270,13.515760869565218,8.773790760869565,1.603532608695652,0,7.627512757736437,5.279303004601537
86,CCS26,250,13.895238095238096,7.4125000000000005,1.6265873015873016,0.3326996197718631,6.571973722535798,4.6478833997843765
87,CCS30,254,11.178084415584415,6.124891774891775,1.5342532467532468,0.14492753623188406,5.687040194,4.773370848018059
88,CCS35,266,14.676339285714285,8.385204394257702,1.653361344537815,0.5144656035950004,6.246381690788166,5.9363756
89,CCS39,347,14.737408424908425,6.778743131868133,1.809981684981685,0.5905327378750572,8.136940701376393,5.211496607857031
90,CCS40,338,15.885714285714286,8.8121337,1.706959706959707,0.5885938633493646,6.670468789078065,5.414064137326901
91,CCS41,179,11.62719298245614,7.507139376218324,1.452595029239766,0.4522502977265593,4.808139175114391,5.533870207011453
92,CCS49,272,12.266071428571427,7.606398809523809,1.5779761904761904,0.6794523108603864,4.562367726410301,4.968775000625148
93,CCS51,291,13.114962554607864,7.8974542334096105,1.5749687955065528,0.6967385040524892,5.752912433102074,5.276774100378325
94,CCS52,294,15.947619047619048,9.051041666666666,1.6922619047619047,0.44594173547281507,6.0750409949653985,5.409180165688443
95,CCS53,293,12.94955357142857,8.544184027777778,1.475,0.8198102489846384,4.993777977708587,5.800374189402001
96,CCS54,246,12.737539872408293,8.1777811,1.476176236044657,0.067204301,6.419495488500755,5.250728636216253
97,CCS55,336,17.020833333333332,8.838368055555556,1.7118055555555556,1.277221798285811,6.3730338466085685,5.505785962521092
98,CCS56,254,14.706349206349206,8.225586611456176,1.685472739820566,0.051759834368530024,6.310343014589382,4.963557374399436
99,CCS57,275,13.163063427800271,8.260877192982456,1.5378407557354925,0.45704459578704437,5.129188648601652,5.136828032830052
100,CCS60,212,12.605128205128205,8.092859686609687,1.4185897435897437,0.32808398950131235,7.390964270783072,5.248760139517504
101,CCT02,239,10.612746572313137,6.724396284829722,1.4538810260946484,0.2579543868110111,4.128982310218092,5.361844410087031
102,CCT04,253,14.687152777777778,8.751215277777778,1.6836805555555556,0.2762430939226519,6.693251298078161,5.018460941591269
103,CCT05,218,15.065384615384616,8.686688034188034,1.617948717948718,0.13736263736263737,7.702374806401652,5.130609665720793
104,CCT07,279,12.746548188653453,7.7881265664160395,1.4709842788790157,0.2688172043010753,6.603457388914887,5.2040495687768145
105,CCT13,276,10.639880952380953,6.924603174603174,1.4494047619047619,0.15789473684210525,6.478892809,4.888831771163183
106,CCT14,313,11.8174584,7.9655470487367035,1.3953292875706669,0.2567103620474407,5.539172597878103,5.239252603907391
107,CCT15,271,16.350892857142856,8.900694444444445,1.6767857142857143,0.2524550560297044,5.987917120377452,5.994952648
108,CCT16,254,12.569219367588932,8.114165431,1.4473320158102767,0.7091898378360607,5.7494671247476035,4.8029674863931096
109,CCT19,258,13.470952380952381,8.157934472934473,1.6204639804639804,0.7813357408268747,3.9684988645428305,4.924002266789037
110,CCT22,213,13.91331159094317,7.996189146298795,1.6967873744189534,1.0601216526362776,5.106111432388625,5.132964200138897
111,CCT23,297,13.620424612152554,7.688357506464124,1.6857627666451196,0.5409141246090837,6.451535208141964,5.150087716296284
112,CCT25,193,13.99436026936027,7.534806397306397,1.7947811447811448,0.6197864838130778,4.164083028500103,5.040928571795317
113,CCT27,255,19.194940476190474,9.458903769841271,1.8854166666666667,0.1988759354319995,6.840946636424949,5.714029531928665
114,CCT31,292,14.993742368742367,8.299348799,1.7478632478632479,0.14204545454545456,7.037589049800556,5.432603379428293
115,CCT33,218,13.04532967032967,8.571909341,1.4815934065934067,0.48532289628180036,5.245996570267197,4.978844256654895
116,CCT34,210,12.983403689806128,7.981855195955806,1.6187617260787994,0.20628033946568908,4.835176902661436,5.048445854516815
117,CCT35,265,15.327228327228328,9.24605464,1.6987179487179487,0.6566462085116692,4.418490403510189,5.719531106113688
118,CCT39,261,14.648306595365419,7.982647058823529,1.6758467023172905,0.5047931763285024,5.088616457253025,5.314078318610781
119,CCT40,229,14.845238095238095,8.644394841269841,1.6130952380952381,0.6787066434139725,6.697270464,5.076605958127285
120,CCT41,261,16.791666666666668,9.1709375,1.8635416666666667,0.4600754600754601,5.425514800514801,5.380851971803237
121,CCT45,228,12.440432422969188,8.558566598,1.4583479225023344,0.18813131313131315,5.061940772578596,5.061756162818287
122,CCT46,281,17.286419054801407,9.714819528238646,1.7416101055806938,0.3852881544598015,6.299432225074385,5.741929399614709
123,CCT51,258,15.67579185520362,8.500829563,1.7095022624434388,0.7023214581950896,6.671578523198049,5.002073538906386
124,CCT53,257,14.128676470588236,7.399724264705883,1.7224264705882353,0.20920171782240748,6.521333324872345,5.202259800086667
125,CCT54,271,12.357021654815773,7.553355957767723,1.6011332417582418,1.8393368831930688,5.459798966629815,5.413235169
126,CCT57,191,12.872698412698412,8.221924603174603,1.5293650793650793,0.7037507362780187,4.967199587166854,5.432793173975053
127,EAU03,198,9.609045660222131,7.117154463183875,1.3239284245166598,0.15923566878980894,4.472315462856847,4.3369679187720065
128,EAU07,222,12.94565960355434,7.542147667147667,1.6677679046100098,0.7097701149425287,7.501277139208174,4.882715664954382
129,EAU08,123,9.323450854700855,6.923477564102564,1.298878205128205,0.8071971005089458,2.491794528772698,4.902343054025157
130,EAU14,136,13.13219696969697,8.581256645401382,1.5309110845295055,0.3676470588235294,5.053416274463526,4.878964683411771
131,EAU16,165,10.589810924369749,7.173266806722689,1.4400210084033613,0.7934722037142476,4.811616694793084,4.8327330953617125
132,EAU18,217,12.522727272727273,7.172404188948306,1.5958110516934045,0.18796992481203006,6.590574353607142,4.812507184096464
133,EAU20,221,15.626262626262626,8.962383336286845,1.6296296296296298,0.5175083936255733,5.604043826014678,5.233638187266548
134,EAU23,178,11.681869939271255,7.000274122807017,1.4980600539811066,0,5.947860142661303,4.9576284316298596
135,EAU32,153,16.48416860916861,8.791758935508936,1.8059926184926185,0.43474938875305624,7.487944463405067,5.122704716910867
136,EAU34,235,13.07913372859025,8.044046442687748,1.5860742518351214,0.39743967762543614,5.712177953428273,4.922156531060145
137,EAU40,257,14.610921164804594,8.810118940787603,1.5523915286938574,0.6139663175446541,4.698431121702209,5.671755403686365
138,ENZ02,172,12.484126984126984,6.947089947089948,1.6507936507936507,0.494916414,5.596373182329776,4.691553575008982
139,ENZ08,198,13.126007326007326,7.775160256410256,1.701800976800977,1.3232183131892072,7.238959249857018,5.112515657167494
140,ENZ12,202,12.951470588235294,7.749264705882353,1.6147058823529412,0.7655404297195343,6.505330490405117,4.639562943854244
141,ENZ13,239,11.102777777777778,6.920601851851852,1.4791666666666667,0.3980891719745223,5.773276831,4.634488913652941
142,ENZ14,125,14.060335497835498,8.506493506493506,1.5305194805194806,2.0141541415182647,4.220500562668573,4.483591913037353
143,ENZ18,122,13.270328282828283,7.638973063973063,1.5561868686868687,0.12224938875305623,4.455919689316114,5.036213599672851
144,ENZ23,139,9.850852272727273,7.243607954545455,1.3558238636363635,0,4.574022512553247,4.448205276904348
145,ENZ27,143,10.369155844155845,7.575487012987013,1.3599025974025973,0.4746835443037975,4.567178235248637,4.693567181164376
146,ENZ29,216,12.873397435897436,8.052970467032967,1.5393772893772895,0.9104440200695418,6.2933961301258545,4.671917419806898
147,ENZ30,149,15.94012987012987,8.251569264069264,1.7622077922077921,0.3753563885142832,3.9053681414724206,5.310904086123553
148,ENZ31,272,14.127272727272727,7.520928030303031,1.7227272727272727,0.44405594919157737,6.970042656,5.074618189629139
149,ENZ32,130,11.454156954156954,6.957543382543383,1.537995337995338,0.089285714,4.975330355003252,4.721417407096214
150,ENZ33,172,9.973901098901099,6.505586081,1.4436813186813187,0.12195121951219512,6.359481917770978,4.838280103
151,ENZ35,168,10.009615384615385,6.507758445258445,1.4362026862026862,0.343149754,5.512860700018338,4.930108030340591
152,ENZ38,149,11.2875,6.708869949494949,1.5928030303030303,0.5180648255465409,7.706486292,4.685604927795654
153,ENZ39,195,9.828598484848484,6.395438762626263,1.4242424242424243,0.067024129,5.269476537290846,4.684765479386765
154,ENZ41,144,10.852380952380953,7.346527777777778,1.4672619047619047,0.3058103975535168,4.156643694306659,4.51858122
155,ENZ43,143,11.64375,8.233796296296296,1.45,0.3698224852071006,3.771490371906708,4.449226507
156,EUS02,239,18.57304949952009,8.488899199928612,2.024292700763289,0.33333887959312636,7.348422711376561,5.329788587988889
157,EUS08,113,11.639772727272728,8.207323232323233,1.4379734848484849,0.29065843204751785,2.889894242560282,4.308358566583247
158,EUS11,109,8.590397509578544,6.320821360153257,1.311661877394636,0.078864353,4.2050955503126595,4.111342238270631
159,EUS12,157,9.934672487474211,6.818827365163573,1.3913387857353374,0.41514041514041516,5.240825217981032,4.587940488512842
160,EUS14,284,13.647222222222222,7.952199074074074,1.5527777777777776,0.23097768104809455,3.8097728881835904,5.478222882066261
161,EUS15,117,11.496212121212121,7.219949494949495,1.478030303030303,0.6480237850662105,5.787127166652411,4.299102040517856
162,EUS17,170,15.17361111111111,8.853252923976608,1.5778508771929824,0.062656642,7.306725495701957,4.542914503229058
163,EUS20,144,10.067156862745097,6.905841503267974,1.4473039215686274,0.5386779184247539,6.676924031540562,4.255120704793846
164,EUS24,185,11.110164141414142,6.877840909090909,1.4889520202020203,0.33783783783783783,4.951376076682783,4.374331989002325
165,EUS27,171,10.745726495726496,7.835567210567211,1.345182595182595,0.729410542,3.2803207516756343,4.2376939366278945
166,EUS33,241,14.050128873319663,7.4510764363560416,1.6696784575074048,0.40082224643586384,6.431897654,4.958344911116852
167,EUS36,95,7.877777777777778,6.284974747474747,1.191161616161616,1.4669451920888066,2.2419036810883917,4.1392592899245155
168,EUS38,61,7.322263520792933,6.02991453,1.214555052790347,0.077399381,2.6585283372014312,4.214472995819645
169,EUS39,125,9.538095238095238,7.604365079365079,1.207142857142857,0,3.117917406559093,3.9195114152935657
170,EUS47,132,10.182600732600733,7.223626373626374,1.4444139194139194,0.22727272727272727,4.862763668973883,4.402500419131909
171,FFR07,176,11.858333333333334,7.053125,1.4625000000000001,0.5638137407551576,5.338949208660828,4.8368040118991384
172,FFR10,209,12.084290709290709,7.171824009324009,1.5706793206793208,0.26071455807214217,5.417992954254999,4.871832470156012
173,FFR17,175,13.078703703703704,8.265366809,1.5994658119658118,0.8037495524067728,4.8910020284136895,4.787766137652867
174,FFR19,168,14.612404214559387,8.410617217,1.821875,0.20135205071807477,7.209114427013083,5.229741253151988
175,FFR22,160,9.385107600732601,6.4979371756715505,1.3791895604395603,0.5975487673865875,3.5597260475779327,4.697469471666048
176,FFR23,173,8.707207722832722,5.501216231684982,1.4180593711843712,0.4591686630521582,5.280424277369843,4.652331693389779
177,FFR31,150,11.487438725490197,8.166819852941178,1.4025735294117647,0.8646628127270839,4.048266184028762,4.664662673536222
178,FFR32,136,9.327083333333333,7.3746527777777775,1.2666666666666666,0.6559858792001649,1.9378841122064014,4.812765051049183
179,FFR39,141,11.059092809364548,7.911336399108138,1.413039994425864,0.32271097942523264,5.327977916687964,4.763191169594877
180,FFR45,137,9.201704545454545,6.849431818181818,1.2518939393939394,0.5813953488372093,2.6848949765363903,4.211315394805385
181,FFR53,161,14.010114885114884,9.988584332334332,1.4584165834165834,0.7017804890145316,4.5792645472188545,4.881448918206182
182,FFR54,146,8.607998084291188,7.111590038314176,1.2109674329501916,0.3893662728249194,3.0657833786236717,4.71078944
183,FFR57,162,9.460477941176471,6.329932598039216,1.4172794117647058,0.30935442367365473,3.814520919,4.467060746223058
184,FFR61,178,11.158333333333333,6.8768518518518515,1.504861111111111,0.2847380410022779,4.6998088016574915,5.0578428
185,FFR62,251,17.00854700854701,8.443002136752137,1.6845619658119657,0.5201514237658816,6.513537438593596,4.916106031888127
186,FFR63,159,10.834429824561404,7.336896929824562,1.418859649122807,1.4493273857385356,5.837994203309842,4.749798592501925
187,GAT02,201,12.03560606060606,7.455536130536131,1.5097319347319347,0.3249336870026525,5.059816840705583,4.898131771597577
188,GAT03,207,11.882777777777777,7.481759259,1.5338888888888889,0.072886297,6.8170390909659035,4.4688699662235525
189,GAT04,169,10.642432950191571,6.903400383141762,1.4518199233716476,0.32861408841252066,4.066995269177114,4.643512794111507
190,GAT05,175,11.874358076563958,7.036630971833178,1.590000584,0.24680053885661363,6.7886517735197405,5.313249502359298
191,GAT06,176,16.148717948717948,8.762019231,1.7326923076923078,0.4720014028524667,6.097894166772077,4.593763192736189
192,GAT09,185,11.297787738577213,5.964617071524966,1.6468334297281666,0.14204545454545456,6.112329904943541,4.929665877832868
193,GAT10,149,9.614193405,6.993538324420677,1.3109402852049912,0.1937984496124031,4.7558836396778705,4.420388565452618
194,GAT12,225,13.411458333333334,7.147048611111111,1.6260416666666666,0.5168067226890757,5.816075338993107,4.948841702624344
195,GAT14,225,15.826785714285714,9.102281746031746,1.694047619047619,0.4402252721164288,6.2294357682961845,5.589547644559854
196,GAT16,195,17.755448717948717,9.594017094017094,1.7314102564102565,0.5850164043328687,7.429476429525184,5.000477579
197,GAT17,182,14.271419534412956,7.376131986617184,1.7829411268556006,0.8472917595194485,5.3054722294480925,4.7395345368593365
198,GAT19,184,15.071654040404042,8.182910954785955,1.7360660173160172,0.7968509984639017,4.624446552814675,4.6133472606755745
199,GAT20,172,10.344166666666666,6.620128205128205,1.4460256410256411,0.7126823273158857,4.891508363060918,4.612881727532043
200,GAT21,208,11.517524509803922,6.593484477124183,1.565625,0.1724137931034483,6.431498050939675,4.668116354476142
201,GAT23,187,9.756188725490196,5.731301062091504,1.4052696078431373,0,5.15257259,3.729538237504796
202,GAT25,175,13.95272435897436,9.077499236874237,1.494551282051282,0.4120879120879121,5.824748168498169,5.041623968757712
203,GAT27,170,10.735927960927961,6.56547619,1.5415750915750914,0.48938447986523237,5.553890097985952,5.004881481259507
204,GAT28,207,13.70849358974359,8.16383547,1.7517628205128206,0.10845986984815618,6.523675511689797,4.423636612993203
205,GAT29,169,11.389140271493213,7.022004955828486,1.520765998707175,0.26041666666666663,6.783136482939632,4.607061679920937
206,GAT30,148,10.180681818181817,6.531818181818182,1.4296212121212122,0.48163548163548164,5.334151235314026,4.349581254
207,GAT31,226,11.707692307692309,7.135170940170941,1.5507692307692307,0.21126760563380279,5.639496120000333,4.720162561516326
208,GAT33,232,12.62215909090909,7.279664953102453,1.5600649350649352,0.11494252873563218,6.365587467154564,4.8245605091811345
209,GAT34,163,11.070470085470086,6.7966652421652425,1.4842735042735042,0.3704516766368476,6.361720328474521,5.000873319458669
210,GAT37,235,16.360660173160174,7.8997564935064934,1.807900432900433,0.2649020601148261,8.061438564891345,5.255839380291744
211,GAT38,206,11.846153846153847,7.308974358974359,1.4903846153846154,0.2066115702479339,6.063207946278013,4.619820589562253
212,GAT39,182,14.066287878787879,8.587256493506494,1.6983225108225108,0.38518299881936247,6.199224608315518,4.690323742060001
213,GAT40,200,13.423511904761906,6.493998015873016,1.74375,0,7.004114504114504,4.7862233065317135
214,GAT41,216,13.83647186147186,7.46097583,1.6836580086580086,0.3707655374766604,5.006976579868826,5.103252243247368
215,GAT43,154,10.421706989247312,6.347054211469533,1.5141129032258065,0.233843537,5.606880624041736,4.7910309706667285
216,GAT45,219,14.744222689075631,8.961273050887021,1.607361694677871,0.5253169154770985,5.661520122184845,5.128102638436335
217,GAT46,223,12.182449494949495,7.515698653198653,1.568497474747475,0.6210169533951769,6.659474533714523,4.768507621365124
218,GDE01,190,12.544796008589111,8.244117089806744,1.5282335480611342,0.26137290901672783,6.017758689869238,5.6048606081526655
219,GDE02,114,13.766304347826086,7.137267926494269,1.8545751633986929,0.17572057724824033,5.833677567605851,5.316489931647883
220,GDE06,188,14.020750083250084,8.046399780774781,1.5188353313353313,0.5174919363414029,4.255800794962706,4.671993572346614
221,GDE09,134,8.946708463949843,6.655041797283176,1.2946708463949843,0.47229573737259983,1.5111675389562658,4.5683364545296365
222,GDE10,194,12.221969696969698,8.634415584415585,1.3823593073593075,0.5392755392755393,3.7141779788838614,4.58314732
223,GDE12,173,10.585555555555555,7.291851851851852,1.3892063492063493,0.44666794331673687,4.869852702680415,4.916288226
224,GDE13,165,9.471590909,6.9851190476190474,1.3528138528138527,0.39893617021276595,4.8879801682655115,4.575292607035712
225,GDE14,242,18.500405844155843,9.006245491,1.7505411255411256,0,4.966892082276698,5.360996965273676
226,GDE15,194,16.65625,7.318501984126985,2.0752976190476193,0.3717378365564063,9.19997255,5.166986999306185
227,GDE16,183,11.061145510835914,7.652595029239766,1.3800954592363261,0.1963350785340314,5.795501264660004,4.734259682920171
228,HHG02,282,14.801062091503269,7.788616557734205,1.7385825163398692,0.4143933030912187,6.545495370580178,5.692547870019606
229,HHG04,166,12.497902097902099,8.69577263,1.4292832167832168,0.9365177324104648,4.527172101219202,4.600375356658208
230,HHG05,246,13.445833333333333,7.888970588235294,1.6142156862745098,0.062656642,5.4985625473563235,5.259262519792699
231,HHG06,138,12.410984848484848,7.331018518518518,1.5470328282828283,0.2890173410404624,5.719141905824291,4.760803118306727
232,HHG10,203,17.637594905094904,10.152618215118215,1.6737787212787214,0.17774536073378455,4.948280177856135,5.7053363404168635
233,HHG12,268,13.649376114081996,7.893166963755199,1.5783422459893046,0,6.213864068842414,5.241239015917747
234,HHG13,219,11.45934065934066,8.137248168498168,1.3741758241758242,0.6731347190194052,5.2332107997179795,4.8252765891784515
235,HHG16,206,11.605698529411764,7.3721660539215685,1.4071691176470589,0.5700623131177103,5.234560932573737,4.917286498
236,HHG20,231,11.968463827838828,7.975055326617827,1.5062385531135531,0.30492312241277353,5.135847008923269,4.997575491
237,HHG21,197,12.374401886358408,8.304763343,1.4704451345755694,0.38008128614020775,4.912862252558617,6.0830312647865785
238,HHG23,160,9.707932692307693,6.913020833333333,1.3081730769230768,0.38323267184354326,4.635593932940469,4.681901138175147
239,HHG25,186,14.830392156862745,8.082035221496007,1.664297385620915,0.2806469491610823,6.561221780228845,5.469350818876337
240,HHG26,192,12.55297619047619,7.806845238095239,1.5720238095238095,0.37785358173707684,6.553361536102365,5.064181793419112
241,HHG27,135,9.878449675324676,7.727083333333333,1.2624188311688311,0.5180522216234753,3.1657308923667444,4.776661689495093
242,HHG28,223,13.860714285714286,8.973958333333334,1.4428571428571428,1.1015046332299887,4.962237274603125,5.1180204858268645
243,HHG29,245,14.41826923076923,8.271800495,1.6093117408906883,0.062656642,6.823158294672853,5.3017524860680405
244,HHG30,183,9.863136863136862,6.9855040792540795,1.344905094905095,0.35714285714285715,4.817279928659525,4.807324243
245,HHG31,221,13.350757575757576,7.653697169059011,1.5632775119617226,0.27971098545261225,7.253397519545844,4.884332934108977
246,HHG33,260,15.4,8.314880952380951,1.6767857142857143,0.5583051665861902,6.205733493200847,4.972391229323865
247,HHG35,172,14.29187252964427,8.227735918972332,1.6602025691699605,0.5330238565497367,4.942118443397008,4.9727442728857785
248,HHG36,140,15.065656565656566,8.977535774410775,1.5351731601731602,0.42367070255867717,4.5089713673622756,5.171724540372679
249,HHG39,230,13.75,6.782242063492063,1.7301587301587302,0.1644736842105263,6.483761462723953,5.099900418782228
250,HHG45,229,13.249263417741679,7.6414879404009834,1.6209852948983383,0.6718790053832351,5.954822501567893,4.997967993281037
251,HHG46,301,14.679411764705883,7.9402573529411775,1.7223039215686275,0.23696682464454977,4.422151741767255,5.381845080631659
252,HHG47,259,14.432913961038961,9.28237509,1.5540449134199135,0.517113958,5.087358293276006,5.143883698
253,HHG48,212,9.844184981684982,6.478601953601954,1.4877518315018317,0.5407339393068921,5.185363870311435,4.798409138544423
254,HHG49,151,11.299522373051785,7.1077370852187025,1.5184609100050277,0.1457725947521866,6.378284396465353,4.748238006928322
255,HHG50,178,8.972222222222223,7.045833333333333,1.3611111111111112,0.43859649122807015,3.145082187052202,4.058092057806849
256,HHG51,239,11.318518518518518,7.584611992945327,1.4374338624338625,0.2695417789757413,6.026913338234093,5.078433942305984
257,HHG52,199,16.534430438842204,8.712781814114535,1.8175916199813258,0.42860065466448444,7.084094065635983,5.738883918145748
258,HHG53,151,13.589285714285715,10.348015873015873,1.355357142857143,0.7572871572871573,2.884992784992785,4.612935009739395
259,HHG55,283,14.819484549892831,8.120149080634278,1.6965088413908074,0.23364485981308408,6.216270607584655,5.369512343
260,HHG57,240,11.365930944055943,7.59165574,1.4874344405594406,0.18987341772151897,5.539230288228192,4.967664718362026
261,HHG58,186,10.55952380952381,6.421378968253968,1.4657738095238095,0.076219512,6.273433282622564,4.275119274384502
262,HHG59,247,14.225063131313131,7.548927895021645,1.6380321067821066,0.6456851221775441,5.406452952302182,5.042407439459476
263,HHG60,178,11.794805194805194,8.296708152958153,1.3461580086580087,0.6227506877911605,4.946487668938603,4.591704742836437
264,IID01,196,10.47109557109557,6.458310670810671,1.4689296814296815,0.8826143289602049,5.565660836192855,4.820598316
265,IID02,124,7.911607142857143,6.1709821428571425,1.246875,0.13736263736263737,3.1564609394798073,3.851107725521938
266,IID03,168,11.359375,7.283556547619048,1.3825892857142856,0.4941050375133977,8.612126511348038,4.399302394207979
267,IID06,211,12.019124515835042,8.217988152198679,1.461651287309182,0.4864272069054975,2.772280599442695,4.613623742452295
268,IID07,178,12.663142292490118,7.568115942028985,1.6321146245059288,0.25510204081632654,6.166961645827987,4.835801173663369
269,IID08,85,9.645906177156178,7.8047421328671325,1.2420600233100232,0.8318490196674541,3.7272680938730036,4.684645064160554
270,IID09,186,12.345063025210084,6.504254201680672,1.601155462184874,0.16233766233766234,6.525570891242533,4.635569749920478
271,IID10,160,12.826785714285714,9.678025793650793,1.3593253968253969,0.7118977702926401,4.732766190208864,4.775080769327423
272,IID11,170,13.721964285714286,8.968991071428572,1.5073511904761905,0.6690188036937262,5.6784005468215994,5.053360883683658
273,IID12,107,11.442434210526315,7.917452485380117,1.387280701754386,0.5289022155588872,5.251919494798056,4.383515916510537
274,IID13,211,13.36326831063673,6.334272963878227,1.867960986382039,0.14970059880239522,5.805309345338101,4.690496537156935
275,IID14,173,10.026917863919762,7.8330487033523095,1.264082407156411,0.39370078740157477,4.248868464296975,4.7390435855283215
276,IID15,205,13.60841575091575,8.112134484563056,1.623003663003663,0.5374272010962658,5.440119082678719,4.525272043437342
277,IID16,176,10.370138888888889,7.351302083333334,1.3744791666666667,0.12886597938144329,6.229187056281838,4.458819463389459
278,IID17,202,14.310416666666667,7.299479166666667,1.807638888888889,0.063938619,5.991072223368941,4.8314203829838425
279,IID18,188,13.185710123210123,9.266202547452549,1.4102772227772227,0.28014478546112664,7.270908541264361,4.571819253365538
280,IID19,208,12.158958333333333,7.663645833333334,1.5320833333333332,1.0373309566323348,6.373325530780344,4.856122209547726
281,IID23,184,15.523376623376624,9.369751082251081,1.5462662337662336,0.6492051433351739,6.008906679809099,5.040195450916845
282,IID24,191,9.509806397306397,6.915200617283951,1.3789141414141415,0.41708796764408496,4.224706419739946,4.223726913375576
283,IID25,159,12.029761904761905,6.737847222222222,1.4964285714285714,0.3826530612244898,5.493824387212232,4.287821423685821
284,IID26,214,10.710176282051282,6.804246794871795,1.505048076923077,0.31695115897200904,6.684775003378828,4.658997123157896
285,IID27,202,12.269940476190477,8.571974206349207,1.3625,0.7782269209508015,4.495267192499177,4.8172176204623876
286,IID28,181,11.68576388888889,7.604311342592593,1.5572916666666667,0.4787234042553191,5.303782505910165,4.716610006098857
287,IID29,203,10.495963640986524,6.956047652343419,1.4540617848970252,0.11494252873563218,5.050056683429182,4.687865149103279
288,IID31,161,15.39828431372549,9.437777194,1.6305147058823528,0.6411258642363293,6.502873305198887,4.913695951479763
289,IID32,208,9.883333333333333,6.391469907407407,1.4513888888888888,0.5335222755443164,5.764098425561398,5.309502639979228
290,IID33,155,11.891233766233766,8.474867724867725,1.3284992784992786,0.7384202493845711,4.120657150552114,4.255650919478364
291,IID34,151,11.18000864875865,7.383992165242165,1.4712555962555962,0.48809530557145747,5.943976114497967,4.737363045926601
292,IID35,208,11.56021148989899,7.679450757575758,1.4738794191919191,0.5459782023123783,5.299958868877909,5.102195843891407
293,IID38,120,10.40625,6.1165674603174605,1.4711309523809524,0.18427518427518427,6.895519878713156,4.156522134504007
294,IID39,183,12.092582866479926,6.621880349361967,1.746046335200747,0.6064905858758932,5.839160522471851,5.362468560534047
295,IID40,183,7.558255517826825,5.197492218449349,1.3371179966044142,0.3598164894497996,3.645835002922449,4.117397222123778
296,IID41,129,17.04204260651629,11.000532581453635,1.481923558897243,0.2971890703517588,4.213977572415427,4.781261407563582
297,IID43,151,11.481684981684982,7.568870192307692,1.4370421245421245,0.4726779526978574,5.014709845049327,5.185627876377861
298,IID44,152,12.858333333333334,9.76875,1.4123015873015872,0.354238387,4.265640194336893,4.7880624307147555
299,IID45,191,10.625,6.375,1.5208333333333335,0.5766171792152703,8.178556640584873,4.009195369259389
300,IID46,217,13.429761904761905,8.200634921,1.568452380952381,0.1922043010752688,5.505405703709984,4.861245311576919
301,IID47,171,13.084154351395732,7.687226327312534,1.6869868637110017,0.3642314189189189,7.512474242859881,4.679604096748426
302,IID48,165,12.222058823529412,7.916053921568627,1.500735294117647,0.18281535648994515,4.479483521013524,4.654387201244729
303,IID49,145,10.812437562437562,7.441586191586191,1.362054612054612,0.6916690121024486,5.867317765,4.447146400304393
304,IID50,169,10.858922037714606,6.886357772774182,1.4682222769490572,0.46875,5.616319444444445,4.489325075527277
305,IID51,172,10.871031746031745,8.145337301587302,1.3606150793650793,1.2996776440546849,2.443739602801339,4.042448886107249
306,IID52,166,10.175029820540656,6.334843347227249,1.4496501950062322,0.48382350404323615,5.435136223924958,4.758641023981635
307,IID54,101,11.64978354978355,6.865584415584415,1.4633116883116883,0.18656716417910446,4.9965402725210195,3.9419885000771804
308,IID55,134,9.443214285714285,6.936071428571428,1.335,0.4715724015398282,4.690623309086709,4.816363841462296
309,IID56,202,10.746410256410257,8.176025641,1.3228205128205128,0.3938191438191438,3.336482048199036,4.542616770860675
310,JJC29,211,11.682796822742475,7.183649570538158,1.5669276375798116,0.1440922190201729,9.359634578056058,4.726712235175332
311,JJC37,316,17.772086247086246,8.353802447552447,1.9225233100233101,0.15723270440251574,8.438553851922853,5.0548550730588975
312,JJC50,260,13.31209935897436,6.313959478021978,1.688301282051282,0.16339869281045752,5.230329311211664,4.184128706107584
313,JJC51,267,12.912743506493507,7.669159709,1.577922077922078,0.23734177215189875,7.251944552207408,4.653695870278195
314,JJC52,210,15.390277777777778,7.864166666666666,1.9611111111111112,0,7.723850446276387,5.010577653119019
315,JJE15,279,12.775,6.871979166666667,1.584375,0.4419975186104218,6.746226220016542,4.8071406443666955
316,JJE27,209,12.416391941391941,7.448496642246643,1.5776556776556778,0.29069767441860467,6.705782163626013,4.9933316544870605
317,JJE32,258,12.03781512605042,7.933543417366947,1.513655462184874,0.3048780487804878,6.202628421700944,4.646163507
318,JJE33,247,11.832698412698413,8.187539682539683,1.4484126984126984,0.8306723042876495,4.971145615923991,4.549499286339357
319,JJE34,210,22.25548245614035,8.515369152046784,2.3177631578947366,0.056947608,7.751813125738754,4.605440093849273
320,JJE38,124,10.380485893416928,7.212323356719907,1.388584117032393,0,4.542921460769884,4.426064767826877
321,JJE41,166,15.219099378881989,9.623731884057971,1.5281055900621117,0.4424080766362646,5.358320614952184,4.392754463576337
322,JJE45,185,11.897321428571429,7.1223214285714285,1.59375,0.057736720554272515,5.180590218282053,4.449386276817552
323,JJE47,247,13.623611111111112,8.618263889,1.5763888888888888,0,5.056615346423833,5.056075448
324,JJE50,219,11.008620689655173,7.823275862068965,1.4213362068965516,0.3071253071253071,4.140389330606721,4.499428735952091
325,JJE53,214,11.830128205128204,7.213960113960114,1.415811965811966,0.7043306568589266,4.308808304007792,4.9028515687020935
326,JJE60,182,12.923214285714286,7.058482142857143,1.5973214285714286,0.4840909090909091,3.909644522144522,4.458912784
327,JJE61,187,11.233986415882967,6.325291710205503,1.6246081504702194,0.18610421836228289,5.598915415222232,4.5673332958186865
328,JJE62,200,11.26923076923077,6.258886946386946,1.56745338,1.0730718041163665,6.344467361484074,4.658611561573659
329,JJE65,221,9.730777914614121,6.669187876299945,1.343149630541872,0.3424657534246575,5.4416707781905425,5.012224618982864
330,JJE66,148,12.326923076923077,8.052666083916083,1.4783216783216784,0.34818941504178275,6.1210680117365355,4.730726716858513
331,JJE67,171,9.978547008547007,6.647898860398861,1.4062820512820513,0.42524987095865985,4.064644576,5.048622361390603
332,JJE68,245,14.812996031746032,7.332589285714286,1.7738095238095237,0.17006802721088435,6.266994506120966,4.377001011140372
333,JJE70,232,11.402564102564103,6.4446047008547005,1.5924679487179487,0.15060240963855423,4.599342749147851,4.665855189460962
334,JJE71,165,10.334595959595958,6.941919191919192,1.3623737373737375,0.14326647564469913,5.221132891028244,4.741228293
335,JJJ01,999,13.829044117647058,7.984569964349376,1.5417780748663101,0.9150866913098816,7.242837219378774,4.702748130763204
336,JJJ02,999,11.723262032085561,7.4068627450980395,1.4745989304812834,0.068681319,4.006177749148696,5.0785067364306755
337,JJJ03,999,20.524305555555557,11.07230235042735,1.8373397435897436,0.6555944055944056,7.490730072846861,4.941977095589386
338,JJJ04,999,14.05560273060273,8.232267732267733,1.4690975690975692,0.2871400523560209,6.011732644578554,4.813575726920813
339,JJJ05,999,25.57470238095238,9.204756944444444,2.396130952380952,0.15120967741935484,5.883308708755488,5.343745426610696
340,JJJ06,999,13.074786324786324,7.721118233618235,1.495405982905983,0.35310277957336783,6.262133927886669,4.831775966012552
341,JJJ07,999,10.31892959770115,7.442941810344827,1.3357399425287357,0.267379679,5.405945060309991,5.219146252057843
342,JJJ08,999,13.177488268249776,7.941909327843818,1.6138397519506502,0.3726702908870444,5.165436181894867,5.785300989090667
343,JJJ09,999,13.64861111111111,8.061111111,1.613888888888889,0.07082153,8.085027662278804,4.759335917151781
344,JJJ10,999,11.103340738209159,7.314137616769196,1.4053955912508544,0.283286119,4.9526039119386915,5.053661705755586
345,JJJ11,999,12.132738095238095,7.831150793650793,1.4267857142857143,0.12224938875305623,5.696510101251504,4.754592603386525
346,JJJ12,999,16.651496848739495,10.293811274509805,1.5931460084033615,0.3947395757588349,4.242129566280786,5.188773252085576
347,JJJ13,999,13.334722222222222,7.729398148148149,1.5375,0.41084949013085914,4.201074057300535,4.993132161951838
348,JJJ14,999,13.731150793650794,8.398809523809524,1.6071428571428572,0.47299621603027175,7.399264375115768,4.787007741447397
349,JJJ15,999,15.27281746031746,8.248181216931217,1.691468253968254,0.34220991804539364,7.224705274148344,4.699689696
350,JJJ16,999,14.455322455322456,7.765773115773115,1.697996447996448,0.3132832080200501,6.352168589412463,5.230629868584076
351,JJJ17,999,17.13437257187257,8.804527648277649,1.7146464646464648,0.36850031003631856,5.771145762789356,4.908269913486456
352,JJJ18,999,14.83734403,8.306641520244462,1.658486121721416,0.6578623789142911,4.263314579529129,5.364553846951177
353,JJJ19,999,16.13283438,9.414117209383754,1.673844537815126,0.9073366632553338,4.764098189275007,5.797000631098683
354,JJJ20,999,13.654166666666667,8.201107456,1.6033991228070175,0.29595460668653306,6.8099890833615255,5.094426578973911
355,JJJ21,999,15.022445820433436,8.779721362229102,1.5890092879256967,0.23504273504273504,7.134289801465027,5.309482476670948
356,JJJ23,999,13.34452595131006,6.9941163346897985,1.6377864639109017,0.16411378555798686,6.557583072934822,5.285987227822621
357,JJJ24,999,22.121794871794872,10.621654647435898,1.9126602564102564,0.6014366701448941,5.499038401288794,5.159739403373299
358,JJJ25,999,12.318746286393345,8.564535056446822,1.3877599524658348,0.20949720670391062,4.541013780115997,4.861482157823847
359,JJJ26,999,12.63219696969697,8.246475168350168,1.4816919191919191,0.5481574165102631,5.709947076248909,5.235687524522058
360,JJJ27,999,13.633482142857144,8.07609127,1.5947916666666666,0.9890205646566748,5.519450923242506,5.188754378064588
361,JJJ28,999,18.657852564102566,8.973958333333334,1.9466346153846155,0.269319994,6.761578163235717,5.195482026183163
362,JJJ29,999,9.592816091954024,5.990229885057471,1.4354885057471263,0.065616798,5.5030537431798106,5.059657858
363,JJJ30,999,13.179705882352941,7.1310250282805425,1.6646069004524886,0.20100159061536932,6.6565421000327225,5.240430539790583
364,JJJ31,999,12.892857142857142,7.89208153,1.5091991341991342,0.4206433368681513,6.463409164710953,5.1371340813462005
365,JJJ32,999,13.770089285714285,7.036272321428571,1.7328869047619047,0.1557632398753894,8.440961148668737,4.585141232814408
366,JJJ33,999,15.481818181818182,8.329145622895624,1.722979797979798,0.6579092735240197,7.091948432480012,5.192549304432168
367,JJJ35,999,10.6,6.241666666666667,1.5166666666666666,0.2640845070422535,5.184064779757222,4.696092098307026
368,JJJ36,999,12.256410256410257,7.953258547008547,1.4561965811965814,0.16233766233766234,6.144311417748917,5.289642080516876
369,JJJ37,999,14.032828282828284,7.71952862,1.5328282828282829,0.44177219498910675,4.863856193,4.936483842715298
370,JJJ43,999,16.93889607124901,8.593981182216476,1.7812163326869208,0.505372573,5.870384795506511,5.140934132474781
371,JJJ44,999,13.516666666666667,7.462380952380952,1.6952380952380952,0.070224719,4.964948739380176,4.753499992091659
372,JJJ46,999,19.64090909090909,8.164057239,1.8590909090909091,0.6970418803078408,5.506261290516935,5.145370047292234
373,JJJ47,999,15.766006562881563,7.956572420634921,1.786172161172161,0.52124137,5.5282001333262505,5.359572598750505
374,JJJ48,999,12.375,7.375868055555555,1.5885416666666667,0.49604296212549465,6.129886158869956,4.388060951252538
375,JJJ49,999,9.1496337,7.1436736874236875,1.2436813186813187,0.7246418745173272,5.337795484027662,5.2267147973435755
376,JJJ50,999,15.95827497665733,9.248471055088702,1.6549953314659196,0.9064454064454064,5.648689273689273,5.710000827788238
377,JJJ51,999,13.492708333333333,7.956354166666667,1.5395833333333333,0.17717950445897074,5.95353107,5.077489463205043
378,JJJ52,999,16.706751336898396,7.585840017825313,1.9730614973262033,0.3478477673401107,5.8215380150472855,5.843258875863773
379,JJJ54,999,19.762824675324676,10.987680375180375,1.756331168831169,0.7694364746382296,4.9161797931288165,5.146171692228631
380,JJJ55,999,16.95260642135642,8.002597402597402,1.700036075036075,0.3943439806208101,6.573662674466441,4.800050845850569
381,JJJ56,999,13.649305555555555,8.567708333333334,1.4819444444444443,0.2859295489353293,6.317245787656331,4.670878884
382,JJJ57,999,11.989285714285714,7.5749603174603175,1.3773809523809524,0.11086474501108648,4.381432184127296,5.279475989913944
383,JJN01,275,16.775961538461537,8.667200854700855,1.8147435897435897,0.2867932956356659,6.120351310277647,5.555728518625459
384,JJN05,219,12.617559523809524,8.532490079365079,1.380952380952381,0.42174234034699154,3.5070775477752223,4.548718465643905
385,JJN13,251,14.056332556332556,8.131557562807563,1.663092463092463,0.054824561,3.8509075629337914,5.717127621428066
386,JJN14,184,13.219696969696969,7.76395202,1.5170454545454546,0.1798561151079137,6.670962566033743,5.012009852534716
387,JJN15,245,15.277777777777779,8.390393518518518,1.5875,0.051020408,5.2270662468441875,5.532311106105544
388,JJN17,265,8.023616734143049,5.353154520917679,1.3235070850202428,0.2884615384615385,3.6022311022311024,4.554634004213897
389,JJN24,137,8.057750582750582,6.628519570707071,1.2437718531468531,0.9497029984025028,2.4304882866082256,4.698086427425946
390,JJN25,278,11.170277434983317,8.146432271432271,1.432778006307418,0.6081081081081081,4.274419557438426,4.730644513220584
391,JJN26,242,16.508333333333333,7.492013888888889,1.7625,0.20833333333333334,9.245563054618172,4.381647321552847
392,JJN29,227,10.794887955182073,7.936426237161531,1.371218487394958,0.5595986672345116,3.8978268494081743,5.359303823314605
393,JJN30,156,8.702300824175824,6.136958180708181,1.4509500915750915,0.8354999458346875,2.6274145108165934,4.779630727878441
394,JJN31,227,13.875,7.474477513227513,1.7436507936507937,0.9023677038382921,5.011213945037475,5.392384792093053
395,JJN33,258,12.881845238095238,7.655998168498169,1.4835851648351648,0.7070942194685845,6.225835238047494,5.360574285421443
396,JJN39,174,10.450595238095238,7.431547619047619,1.3,0.6273342670401494,4.610472134981938,4.684903898
397,JJN56,249,11.637425074925074,7.336636280386281,1.4933191808191808,0.085910653,5.377103149677118,4.721603088694089
398,JJN58,260,12.412012987012988,8.578679653679654,1.485064935064935,0.18796992481203006,5.530824885608586,5.157703795551024
399,KKD01,320,15.175490196078432,8.918858932461873,1.596405229,0.4001275970153394,5.051102791120609,5.617935437
400,KKD02,266,13.271728271728271,7.584494671994672,1.6288711288711288,0.10869565217391304,5.869144273969324,4.858664267899814
401,KKD04,250,13.22021321070234,8.725700251,1.5156772575250836,0.14518002322880372,5.477331565734753,5.148330503499384
402,KKD05,259,11.257942632111117,6.370983227786351,1.5594699590229366,0.41110436793890026,6.101801605398728,4.427588588251143
403,KKD06,178,14.786458333333332,7.725543981481481,1.7517361111111112,0.4156656598412871,4.946501587604265,4.886380103539867
404,KKD07,332,14.793062200956937,8.676100763271815,1.652796765,0.6418194734010974,6.637027520938377,4.951221883
405,KKD08,303,12.6375,6.594554093567251,1.6532894736842105,0.537910869,5.352068151502874,4.7996327111945245
406,KKD09,345,14.99922412531108,7.917045454545454,1.6999707217098523,0.2971070463083243,7.115195428259275,5.3828252627213935
407,KKD10,231,13.841830065359476,8.586056644880173,1.6218954248366013,0.24327898622241523,6.428873712690391,4.992964232765842
408,KKD11,327,17.13138528138528,8.896729196729197,1.7134559884559883,1.0905192722041426,4.3620729570308665,5.592022433
409,KKD12,295,11.898724082934608,8.024348275993013,1.4050467076782867,0.2904335410176532,4.874891353833541,4.8725489778351925
410,KKD14,221,10.805929487179487,6.872887529137529,1.5232517482517482,0.7633587786259541,5.3210705358568555,4.433729699869243
411,KKD15,264,12.553506787330317,7.740771116138763,1.6084087481146305,0.33681990358126723,5.582275301940548,5.256550099405819
412,KKD16,330,12.225519220846234,7.700587859047127,1.5002547729618163,0.7210941546962234,3.8064026334456185,5.327606693991114
413,KKD17,131,10.252083333333333,6.383333333333333,1.3729166666666668,0.390625,3.126216058457281,3.713176380723009
414,KKD18,226,16.47106898,8.384622000974304,1.9617954733380767,0.40494208266830756,6.502673783083618,5.361725556233369
415,KKD20,246,14.868174603174603,8.559828042328043,1.730515873015873,0.1928020565552699,5.675077751438318,5.449881508967437
416,KKD21,299,16.73580586080586,10.520928724053723,1.6001602564102564,0.7276563525103681,3.9980903632396565,5.555420408967688
417,KKD23,294,14.454640947288006,7.245328813343519,1.8074866310160427,0.7210462220822698,5.763664501420131,5.178292127200702
418,KKD24,256,15.946834415584416,8.347301136363637,1.7146915584415585,0.2590673575129534,6.852014924942292,4.998925227538242
419,KKD25,333,16.28173076923077,10.193669871794873,1.6605769230769232,0.6982549309031789,4.661611210190796,4.921636102698672
420,KKD26,183,9.641507936507937,6.222576719576719,1.4364285714285714,1.2573829825853406,3.5568831291903864,4.841826745
421,KKD27,324,19.026013049450547,8.812311126373626,2,0.3760926174719278,5.667328103306804,5.659872216761888
422,KKD28,352,15.920114942528736,8.007258408,1.7570242656449553,0.3169625330347976,6.300989604439556,5.774520853
423,KKD29,92,10.979310550130982,7.369582043343653,1.4451059776137174,0.8175630963800833,4.363204344,4.8447590833579115
424,KKD30,125,11.5375,6.311875000000001,1.5635416666666666,0.6593962679859153,3.204218995716212,4.817791804
425,KKD33,309,14.333333333333334,7.912962962962963,1.5972222222222223,0.44966516329400386,5.188238612559473,5.136168666671784
426,KKD34,177,12.676096784407543,7.313390092879257,1.6096476569096538,0.7773255319868406,4.420915120378929,4.761056278438016
427,KKD35,249,10.528409090909092,6.1930555555555555,1.5378787878787878,0.15337423312883436,6.343446282591345,4.877930772646849
428,KKD37,318,15.80530303030303,9.820075757575756,1.5469696969696969,0.546875,5.722446101504677,5.380419257517737
429,KKD38,226,13.274475524475525,6.813037223193473,1.7350305944055944,0.1366120218579235,5.669675284111623,4.811682923256388
430,KKD40,255,18.653460650057745,9.220499688353591,2.032901611395259,0.8033847938963445,6.0284583367749836,6.1297112073312015
431,KKD41,235,11.388186813186813,7.6448870573870575,1.4371794871794872,0.2913752913752914,5.987498326,4.630740233396986
432,KKD43,221,14.71439393939394,7.320675505050504,1.6924242424242424,0.22658610271903326,4.807270682,5.137593551002634
433,KKD46,240,10.557115800865802,7.100031565656566,1.5247564935064934,0.3479450998534968,6.006033537406832,4.5676542691379165
434,KKD47,231,14.977564102564102,9.049056267806268,1.5373931623931625,0.32578283699359933,7.206075609330309,4.646495596679774
435,KKD48,268,11.737465600275197,7.431003647804151,1.5535184468524252,0.4061580496006726,5.722875602916123,5.214526626801469
436,KKD49,263,13.525162337662337,8.21551452,1.5740124458874458,0.5140614836876519,7.613259522544365,4.645483185631459
437,KKD50,238,13.872159090909092,7.9966856060606055,1.6107954545454546,0.1851851851851852,5.530154047853163,5.027654768022365
438,KKD52,166,8.753896103896103,6.666720779220779,1.3006493506493506,0.7776772916524469,4.018070438877892,4.362110216764709
439,KKD53,283,15.613095238095239,8.374599359,1.6941391941391941,0.8998963998963999,6.950466200466201,5.419767417310332
440,KKD54,296,10.107363505747127,7.474419300766284,1.3107758620689656,0.962401458,4.713422700048546,5.146681693096339
441,KKD55,229,12.145546120546122,7.985704573204574,1.5123376623376623,0.5735569025094884,4.6542919303888555,5.270044384694961
442,KKD57,145,12.662907925407925,7.992841880341881,1.6011072261072261,0.2638522427440633,5.115371842,5.281994933708122
443,KKD59,274,14.005661231884059,7.7112226583467525,1.6204710144927537,0.1726091731115213,5.691715278913578,5.6064609543625075
444,KKD60,129,8.760416666666666,6.824652777777778,1.2916666666666667,0.8087474120082816,6.383471100495427,4.333726529304277
445,KKR01,215,13.793055555555556,8.331828703703703,1.6666666666666667,0.6597444089456869,6.193949260583629,4.450464272632784
446,KKR03,264,15.65812629399586,9.235119047619047,1.6911490683229813,0.3740047101042952,4.993643152794892,5.243305929
447,KKR04,259,12.031721567905779,7.375459682860999,1.567545393203288,0.42938227922748046,5.751209177867704,5.067887802193822
448,KKR05,335,18.0509324,7.4867597217597215,2.0695027195027196,0.20891364902506965,6.6425111727529105,4.963721434450617
449,KKR06,259,14.746260683760683,8.529754273504274,1.6523504273504273,0.7611890163888015,5.432511501638057,5.469322483308385
450,KKR07,174,14.579761904761906,9.273511904761904,1.5279761904761906,0.6466656352947601,5.149507186765292,5.377367978680156
451,KKR08,261,14.605158730158731,8.059645061728396,1.623015873015873,0.4077089757771265,7.532814001299943,5.225130119547226
452,KKR09,225,12.979116059379217,8.379071075123706,1.5008434547908232,0.3125,4.5651677221707345,4.804332419331959
453,KKR10,301,15.497822211888707,8.928683897801545,1.6635743625513446,0.6320035071125837,6.185028043160914,5.293215524736809
454,KKR11,243,13.030396065922382,7.579840067340068,1.6429891015417333,0.5031174763874313,4.687983358181063,5.1829614097627115
455,KKR12,285,13.323764822134388,7.386581851119894,1.6589591567852437,0.9496684472278505,5.558843901577946,5.762633424
456,KKR13,346,13.988782051282051,8.01614011,1.6449175824175826,0.5291180533676659,5.956510689012464,4.943139870787501
457,KKR14,235,10.133806818181817,6.065009469696969,1.4303977272727273,0.2447410520283661,4.373806655803924,4.362195712635975
458,KKR15,255,15.25675505050505,8.660890152,1.6263573232323232,0.7371795972767057,6.028061653,4.8832211497747595
459,KKR16,283,15.248235294117647,9.038100490196078,1.6319117647058823,0.6084599734341678,6.1430244909100225,5.556378898
460,KKR17,250,13.693623737373738,8.014067760942762,1.6184974747474747,0.7584386676168519,6.797682498933105,5.5535849214988975
461,KKR19,221,12.92940874914559,7.191397527910686,1.752153110047847,0.3181765590651394,6.705800942715808,4.859636502727951
462,KKR20,309,13.896335200746966,6.723208450046686,1.8350840336134453,0.28465965965965967,7.462279694,5.131515683036894
463,KKR21,292,17.045725108225106,9.030370670995671,1.8520021645021645,0.052631579,7.9392989850812485,5.1586659718641075
464,KKR22,340,13.471218487394959,7.820955882352941,1.5409313725490197,0.6341205806271308,6.0034998170915195,5.436972759381012
465,KKR23,251,10.52114898989899,6.337989267676767,1.5776515151515151,0.6408234163534988,5.528323319175152,4.7090051659988434
466,KKR24,317,13.604761904761904,7.493650793650794,1.6136904761904762,0.5141325536062378,8.001061235710358,5.166595965646101
467,KKR25,163,11.249295112781954,7.612664473684211,1.4060541979949874,0.11013215859030838,3.2185630145336965,4.863399875833451
468,KKR26,328,10.807803941414623,6.639188646106216,1.4556776911169327,0.21008403361344538,4.278337812351359,4.833868667512179
469,KKR28,298,14.37114547,8.075765320373163,1.7435687950393832,0.5815726039941287,8.104281661,5.026824822608059
470,KKR29,297,12.64845201,7.150746646026832,1.610278637770898,0.3107911046299672,6.3082039676664765,5.000121518
471,KKR30,250,12.999923687423689,8.431822344322345,1.4539072039072038,0.49222461401425177,4.616248609971806,4.766973665990861
472,KKR31,325,14.32070400359874,7.447285013,1.7658344579397212,0.7591220506627196,5.336708480967294,5.453994700855747
473,KKR33,310,15.364010989010989,7.732234432234433,1.7335164835164836,0.2423927423927424,6.177217223728851,4.731059445152575
474,KKR34,286,12.851623376623376,8.015083874458874,1.5501623376623377,0.7099405162453498,5.330028843178187,5.003082081825764
475,KKR35,242,11.161328725038402,6.697570103310142,1.4467583807716635,0.39213872077328343,4.550035076170401,4.938801083600834
476,KKR36,248,12.73815359477124,8.411352805010894,1.4724605119825709,0.2380952380952381,6.770460644007156,5.078111935139418
477,KKR38,296,18.065208978328172,8.638303019,1.8984133126934983,0.5040605911275979,6.6809866988531486,5.725478390507514
478,KKR39,277,13.961044842838321,7.589600390551477,1.6936082486354227,0.5531739465111652,6.942730931171079,5.456242436
479,KKR41,264,12.898467432950191,7.817965874089098,1.569613477574938,0.4148849003557061,5.346863610476314,5.878869643588391
480,KKR43,355,13.459027777777777,8.115162037037038,1.4701388888888889,0.21551724137931033,5.180414698891065,4.508180774841927
481,KKR44,321,11.576488095238094,6.733175125313283,1.4649279448621555,0.37230824677247043,4.544091023775667,5.061227778633992
482,KKR45,279,14.47259789546317,8.106800691928775,1.8051175895578173,0.23436932684627115,6.050751352157052,5.432585841056442
483,KKR46,267,15.896428571428572,7.657562576312577,1.8021062271062271,0.10330578512396695,5.923792116973935,5.313831610328508
484,KKR47,248,13.946875,7.823611111111111,1.725,0,5.751400634663021,4.907517681511634
485,KKR49,239,13.079131652661065,7.491195923,1.6143790849673203,0.699472097,5.254133121780181,4.715045340803871
486,KKR50,244,15.386343012704174,8.707698964845061,1.7538818310143174,0.7247727810124177,6.125199830419861,5.765455343968366
487,KKR51,243,14.414915458937198,9.002480877616748,1.6093297101449275,0.4524154774219426,6.072391927709773,5.400743074977692
488,KKR52,278,13.875717703349283,8.936610762227538,1.498933413,0.6491491795032222,7.702442830306988,5.055479878801516
489,KKR53,241,16.5375,8.671883169934642,1.796078431372549,0.5684490566157822,6.377954218381629,5.567563296
490,KKR54,279,14.476960784313725,9.570962332301342,1.5257094943240455,0.6950408373135676,4.907924876899612,5.2051302016302525
491,KKR55,220,16.379545454545454,8.067604617604617,1.8765151515151515,0.4077540106951872,6.801639211319619,4.833120956268615
492,KKR56,287,13.516567256273138,8.826170643082408,1.4722542163718635,1.1829580532184625,4.358327374495639,5.063133738948926
493,KKR58,254,13.739612511671336,8.629989496,1.5882352941176472,0.3367330177550137,5.2522595351178545,5.017308846869289
494,RRS01,162,7.475207390648567,5.805583836098542,1.2390648567119156,0.2380952380952381,2.167476212655533,4.327468828179047
495,RRS02,159,14.311911008781324,7.725323722067538,1.6700645213107732,0.6471440374507932,5.062309866547769,5.405834974037914
496,RRS03,181,10.041666666666666,6.868465909090909,1.4530303030303031,0.5362448009506833,4.149547845745837,4.8633083256983705
497,RRS04,304,9.847474747474747,5.9705176767676775,1.4521464646464648,0.5475619504396483,4.449334941984301,4.802626008677603
498,RRS05,141,11.925991449211264,7.504839918,1.520109096270087,0.12626262626262627,4.924729262107903,4.777771927649411
499,RRS06,136,9.454689407814408,6.722622863247864,1.3477754884004884,0.27675276752767525,4.990067262138071,4.552396784560246
500,RRS10,117,9.720909091,6.897542163718635,1.3784862196626904,0.34023668639053256,2.475828595738098,4.604421465562162
501,RRS11,232,13.077789449112979,8.220366479925303,1.5860177404295053,0.8052810329496242,6.114745947912587,4.767583806200077
502,RRS12,227,9.280220685,6.6747776679841895,1.3329627799736494,0.15337423312883436,5.286842448766479,4.614750751128717
503,RRS13,201,12.201682089839984,7.613601310969732,1.5093021014073646,0.43183846015061306,5.076289933985546,5.500883748
504,RRS15,133,9.232315389924086,6.222147458017023,1.3782091097308489,0.1694915254237288,5.480843782590094,4.420840038968893
505,RRS16,139,9.250750388131792,6.856977747110574,1.335227991489851,0.072254335,3.6952345653406375,4.888578075143815
506,RRS18,81,10.159449891067538,6.725002269426289,1.4930895969498912,0.8697636155000201,5.293398976,4.619200853433622
507,RRS19,158,8.532011289364231,5.97979798,1.2974970291146761,0.6178977272727273,4.180882802937576,3.816735886716849
508,RRS20,224,13.94198717948718,7.502163461538461,1.6294871794871795,0.29461717098194173,6.885906952387666,5.263049225034117
509,RRS21,265,10.111965811965812,6.632905982905982,1.3213675213675213,0,7.645901801314586,4.424610734928527
510,RRS22,266,11.112356053532524,6.464246809835045,1.5241207594148771,1.2383567899639247,8.621267005420336,4.959786641
511,RRS23,206,17.426388888888887,7.570023148148149,2.0972222222222223,0.2788885354659881,6.894068461518046,4.882686053849355
512,RRS24,244,11.039743589743589,5.799919871794873,1.7054487179487179,0.5499919562419562,7.484623169406484,4.672258401996406
513,RRS25,180,11.080851410621147,8.464906107,1.319730915125652,0.70334022,4.893496654860291,5.050176978999251
514,RRS26,207,8.441818181818181,6.071561771561772,1.3512587412587411,0.37147858654942195,3.606073947400715,4.595235892734184
515,RRS27,235,12.750931677018633,6.888390534586187,1.650529542920847,0.7434701459814327,6.344039237662262,4.988625504463865
516,RRS28,172,10.373529411764705,6.7377461590696885,1.4237076648841356,0.3211102622867329,5.292111372351235,4.889703617477226
517,RRS29,106,9.429166666666667,7.612774276377218,1.297689075630252,0.5464499285981828,2.2226397790550765,4.606876286278574
518,RRS35,159,9.959514170040485,5.472081646423751,1.4453441295546559,0,4.709236898255644,4.240002481498831
519,RRS36,164,9.27972028,7.33326049,1.2185314685314685,0.3238341968911917,5.180447196567191,4.787121426486717
520,RRS38,145,9.464351851851852,7.731635802469135,1.2092592592592593,0.20718232044198895,2.850505234459127,4.329458991228391
521,RRS40,205,17.400262237762238,9.432612179,1.7981643356643358,0.28782214576372117,5.609638387267735,5.086114661
522,RRS41,170,9.340277777777779,6.661574074074074,1.2652777777777777,0.3448275862068966,5.2405431769970425,3.7425677460413755
523,RRS42,165,11.386904761904763,6.999431022408964,1.5201768207282913,0.43645525597397256,5.266158219831784,4.682286350301153
524,RRS44,194,11.024358974358975,7.560096153846153,1.4580128205128204,0.6615055387713998,3.4980397102992615,4.872421934366152
525,RRS45,184,12.65909090909091,8.355425824175825,1.4565434565434565,0.6475503541137524,6.568918811413222,4.613188223
526,RRS47,216,9.900925925925925,7.406944444444444,1.238888888888889,0.1978891820580475,4.727073625025983,4.581776797625081
527,RRS48,203,11.079120879120879,6.656425518925518,1.5233516483516483,0.18987341772151897,5.636595749728482,4.743699029190668
528,RRS55,179,13.485294117647058,7.366176470588235,1.6084558823529411,0.4631994098286233,5.785475375032546,4.816600347642483
529,RRS56,252,13.360863095238095,7.412326388888888,1.6428571428571428,0.32233573531174664,5.987910844154937,5.392067023424672
530,RRS58,151,10.526785714285714,7.478622939560439,1.3059752747252746,0.47747516272696133,6.033418757365813,4.787450560202076
531,RRS59,151,9.626515151515152,6.90094697,1.3223484848484848,0.35545023696682465,5.2395307666304385,4.246330404
532,RRS60,261,16.390908681961314,8.650601027,1.7213135402609088,0.6495131637123307,6.757401622,5.734045409602238
533,SES01,137,8.757219251336899,6.807003862150921,1.2244206773618538,0.8792353646790346,2.7565225807094333,4.3671986951631325
534,SES02,157,11.454594017094017,6.624942765567765,1.5198794261294262,0.7772483621203097,6.126723079000701,4.912198760947238
535,SES03,110,9.059873949579831,6.476015406162466,1.2941176470588236,0.13736263736263737,4.422780167444676,4.240633499567252
536,SES04,206,9.686002178649238,7.100212677663658,1.3794351073762838,0.30278710053990954,5.041344423366896,5.100222575421973
537,SES06,182,11.066346153846155,6.591613247863248,1.5269230769230768,0.07788162,7.497227628381182,4.726132249033377
538,SES07,74,10.056896732299958,7.557071288926128,1.2924958106409719,0.30864197530864196,3.365495009085849,4.800222058334562
539,SES08,101,10.000361869313483,7.581618762062311,1.3130686517783292,0.4367561794324077,4.339657967138373,4.455121904
540,SES09,59,8.542061034940293,6.761749963143151,1.2037041132242372,0.7803030303030304,5.433890183890184,4.3673923968018755
541,SES11,148,8.939756944444444,6.640538194444444,1.3239583333333333,0.6324537213642693,4.036053907142016,5.4705767339536315
542,SES12,104,9.351190476190476,6.217261904761904,1.4285714285714286,1.1627906976744187,3.336933736184787,3.2577339295729377
543,SES14,154,10.920869647593786,7.543597638,1.4271883289124667,0.9452240459726895,5.1246129602889505,4.683358134287438
544,SES15,123,9.508201058201058,7.256944444444445,1.3003968253968254,0.4311615566037736,3.8774253012642697,4.795487819132173
545,SES16,186,12.302083333333332,7.5573660714285715,1.5081845238095237,0,6.248657016321697,4.943634371486068
546,SES17,127,9.348856209150327,6.207364612511672,1.339752567693744,0.2915451895043732,2.308200447646212,4.381565045245197
547,SES18,125,11.20880963721521,6.754596828609986,1.4719923394458998,0.24590163934426232,6.921614403055789,4.758989886084786
548,SES19,122,9.357738095238096,7.356746031746032,1.2714285714285714,0,3.8549374350757106,4.3800423778838455
549,SES20,150,10.083241758241758,6.684203296703297,1.3854395604395604,0.16339869281045752,4.4713997942118455,4.829557899430883
550,SES21,138,13.2991453,7.490465552965553,1.5907148407148408,0.3020024668069361,4.415183151,4.461776560787456
551,SES22,114,12.094884604559528,7.624925239,1.5179074021953278,0.5985067732106364,4.821603623466074,4.870220870288429
552,SES23,178,13.546794871794873,8.956410256410257,1.4846153846153847,0.4465729271856133,5.720713020792828,5.307698404112579
553,SES24,153,5.402777777777778,3.7662037037037033,1.2123015873015872,0,4.3107679528807665,3.3744063289974022
554,SES25,212,10.58394385026738,7.507987967914438,1.3580080213903742,0.2631578947368421,5.5595496254990735,4.781215800343672
555,SES26,131,9.192370129870131,6.997853535353535,1.2853354978354978,0.091240876,2.5240110920082666,4.792975166351182
556,SES27,196,12.276388888888889,7.922501187084521,1.4885327635327634,0.1400560224089636,5.396964416,5.323909368610321
557,SES28,217,15.472652347652348,8.497636044511044,1.6569160006660006,0.29046474358974356,6.293932042419946,4.771192864252031
558,SES30,179,12.05301724137931,7.347593390804597,1.5664511494252873,0.24875621890547264,7.671161060827258,4.457064682990744
559,SES32,172,11.816666666666666,8.185138889,1.4222222222222223,0.28936540327166893,3.6940299859158987,4.559699544329048
560,SES33,141,10.468131313131313,7.2465909090909095,1.4215656565656567,1.070319633,4.580831314022775,4.807455126538895
561,SES34,153,6.605534596981965,5.821137743835112,1.1249125874125874,0,3.7667379368655456,4.057738841897457
562,SES35,169,10.08647780182307,5.661957887948936,1.5362646730933176,0.1492537313432836,8.303960493,4.657300668871716
563,SES36,184,10.638690476190476,6.585416666666667,1.5345238095238094,0.423728814,4.631673026552104,4.459745927766899
564,SES37,117,9.26025641,6.856196581196581,1.2916666666666665,0.6267409470752089,3.8680227551034134,4.656544190599044
565,SES38,151,10.118874643874644,6.724477682811016,1.4498575498575499,0.30923108591103876,6.326015221455395,4.532096568363587
566,SES41,182,10.837797619047619,7.8577264239028946,1.3289565826330532,0.4684713041653552,5.615991998409622,4.674246161039477
567,SES42,164,13.541076957098628,7.952638029,1.6081601061477222,0.6565468166655354,5.645295477145663,4.537394177436936
568,SES43,135,10.832357859531772,7.759905704199182,1.3506828316610924,0.8599121219953476,4.959861044443624,4.356751848857257
569,SES45,130,10.109036796536797,6.7919823232323235,1.3717532467532467,0.16778523489932887,4.105642099,4.654911407408928
570,SES47,103,7.044463808250573,5.473710980604363,1.2052377769289535,0.4756902761104442,2.286443963087305,3.9948497466717416
571,SES48,132,9.561431623931623,7.390402421652421,1.248397435897436,0.070621469,2.681122563465825,4.5914949638998905
572,SES49,149,10.15454822954823,6.574806674806675,1.4197802197802198,0.15151515151515152,5.242537044770531,4.868274218575469
573,SES52,133,11.38641447368421,7.719432565789473,1.4679323308270678,0.5842443793778174,5.450197369349646,4.6832527159684165
574,SES53,236,11.662202380952381,6.690972222222222,1.5148809523809523,0,6.288596403246914,4.594777251571529
575,SES55,136,9.365384615384615,5.931383547008547,1.4352564102564103,0.8207070707070707,4.24963925,4.638856323396284
576,SES56,82,6.996279761904762,5.699652777777778,1.2269345238095237,0.502626793,1.974400679382532,4.1117503886119335
577,SES58,85,6.559261204481793,5.745316877,1.1156483426704016,0,2.3677136389360496,4.140380536
578,TTH01,209,11.596875,7.393229166666667,1.500347222222222,1.235684632,6.496627353976345,4.689653738633747
579,TTH03,281,14.321762125902993,7.462485932969679,1.6246130030959751,0.2747572674207025,8.107350759,4.934105520798711
580,TTH07,205,8.799679487179487,6.1830357142857135,1.310897435897436,0.12106537530266344,4.203862457796994,4.25043326
581,TTH08,153,8.192857142857143,6.112797619047619,1.2666666666666666,0.41528811690102013,3.528175124474935,4.3958331630084375
582,TTH09,331,11.468231406274885,6.928445346923608,1.4401178531613315,0.1199040767386091,6.172374252344812,4.614945035490134
583,TTH10,211,10.176657485736769,6.373359728506787,1.456193848776969,0.7969044405760818,6.327592726608902,4.733919047
584,TTH11,275,12.476857553366175,6.897934137735554,1.5573173234811166,0.19404746785796995,6.156389214507312,5.271119603403271
585,TTH13,193,9.904945054945054,7.367902930402931,1.289835164835165,0.5121752834121296,4.945453218480587,4.413926198844571
586,TTH14,189,9.82016168,7.668104488416988,1.2158743564993564,1.0774093074302793,5.624069923669195,4.756077731901484
587,TTH15,241,11.8125,7.3361519607843135,1.489950980392157,0.4780629139072848,6.101684003326241,4.9208955267153325
588,TTH16,198,10.326988636363636,6.812547348484848,1.3727272727272726,0.069637883,4.151715497085837,4.527371949430372
589,TTH18,200,12.528079710144928,8.154589371980677,1.4326690821256038,0.7869677354971473,5.006275851864087,4.426940155507348
590,TTH21,237,10.032589285714286,6.627901785714286,1.4604166666666667,0.26595744680851063,5.124533657,4.776404742425526
591,TTH27,213,9.987902448428764,6.267921406079301,1.3929535376903799,0.8418473829026165,4.540618850659453,4.340774659177115
592,TTH28,197,11.866502192982455,7.638116776315789,1.4078399122807017,0.2593360995850622,4.912157078877193,4.52880078
593,TTH29,228,9.3575,6.117152777777778,1.3733333333333333,0.6547043052516168,4.154347439294872,4.934626328580376
594,TTH30,170,10.508241758241759,6.543574481074481,1.418956043956044,0.3228527183231016,4.945980681324547,4.694568750440233
595,TTH31,240,12.25545634920635,6.676238576238576,1.575735028860029,0.6284333767777477,7.817191624936739,5.3399631981701585
596,TTH34,232,10.717681277056277,6.3067009379509384,1.4367018398268399,0.7051085176085176,6.050987441005427,4.644800396668726
597,TTH35,191,10.80610632183908,6.491702586206896,1.4508261494252874,0.481503271,6.244499437212449,4.662083005387785
598,TTH36,191,11.174837662337662,7.719832251082251,1.3694805194805195,0.22123893805309736,5.195619713,4.143175606928081
599,TTH37,244,11.676179673321233,7.2556475599919334,1.493337870538415,0.6255854115443157,6.2416578854935025,4.925183186
600,TTH38,185,9.256526467,6.690418259478857,1.3205526408176003,0.3195209195771874,3.7974492383073564,4.458395775638809
601,TTH39,217,11.282780815675553,7.7890085061137695,1.3512189564821144,0.6339277154635221,5.217897480987543,4.7346722380297255
602,TTH41,224,11.672949735449736,8.396195336299503,1.4312770562770563,0.20775623268698062,5.261459469389442,4.285010663764396
603,TTH42,225,11.34241452991453,6.9222311253561255,1.484508547008547,0.8039326811977038,5.1317991,4.809902680114414
604,TTH43,246,10.843452380952382,6.621130952380953,1.4482142857142857,0.531463424,5.382944460179515,4.735871242719462
605,TTH48,141,9.431623931623932,8.118392326272762,1.1547984020810107,1.1147278173280097,3.4121076641230133,4.335357437713996
606,TTR02,111,10.46094771,8.174714052287582,1.2763071895424836,0.5255217414995641,3.7170605183032825,5.177368723641338
607,TTR05,119,9.894444444444446,6.978174603174604,1.3873015873015873,0.39965986394557823,4.767702535559678,4.390707152246665
608,TTR06,186,7.749180131179012,6.5130079187330026,1.2000746547219112,0.5059111737460646,5.447228248776145,4.892118120028012
609,TTR08,86,9.619444444444444,7.416944444444444,1.3270833333333334,0.40019475860183823,4.407247015263673,4.3543805679593195
610,TTR10,67,11.961309523809524,7.419642857142858,1.556547619047619,1.1806663122452594,1.8807212185124178,3.963425315143482
611,TTR11,143,12.15967365967366,7.540064102564102,1.4807692307692308,0.8357575358694221,4.806266784636909,4.5816279965643805
612,TTR12,196,11.296620046620047,7.0368476430976425,1.5356138306138307,0.3125,6.687836021505376,5.026002487210495
613,TTR15,81,7.511448334274421,6.250776397515528,1.1853754940711463,0.10162601626016261,2.025530176,3.954703525209984
614,TTR18,177,13.679403685982633,7.945385085187716,1.6741063517379307,0,6.052756660893237,5.286734938440098
615,TTR19,139,8.670512821,7.095512820512821,1.1903846153846154,1.0478572230123233,3.3506685269211807,4.199681994416721
616,TTR23,98,7.495673933909228,6.244343891402715,1.143164678458796,0.6593888229582479,3.468989964662438,3.914490988921539
617,TTR24,158,13.863965744400527,7.017580698287221,1.7894268774703557,0.3016844787316866,7.243827929220034,4.882520301672441
618,TTR26,232,11.253125,7.3060019841269845,1.563095238095238,0.053648069,5.157500581871114,4.845401560061812
619,TTR28,167,24.79423076923077,9.864100274725274,2.2848290598290597,0.4374248930075464,6.694795058397222,4.985264691561284
620,TTR29,170,12.347064393939394,8.259351325757576,1.519412878787879,0.19083969465648853,3.468840353,4.380820623
621,TTR45,257,16.608403361344536,9.277546296296295,1.7951914098972923,0.4066437571592211,6.977514772318697,5.2044837689137715
622,TTR47,150,16.559294871794872,7.580288461538462,1.8727564102564103,0.9370096583001313,6.660974436143851,4.849615379737455
623,TTR48,212,11.745979020979021,7.371095571095571,1.4936013986013985,0.282183908,8.007384569814402,4.3949491433672705
624,TTR49,133,13.446140208475734,8.280898268398268,1.5905032467532467,0.14245014245014245,5.297447835366073,4.764073622046514
625,TTR50,192,12.313095238095238,7.872420634920635,1.5107142857142857,0.16286644951140067,4.646163858864084,4.454506092411082
626,TTR52,159,12.050595238095239,7.293064574314574,1.5845508658008658,0.3274428274428275,5.739635390798181,4.711175498
627,TTR53,276,12.810581841432224,7.157865782182438,1.707281010230179,0.6245415671769902,5.725605436665534,4.898073574797545
628,TTR54,94,9.403036437246964,6.9217442645074225,1.3449055330634279,1.5547834518422754,7.280803346979818,4.828155535578958
629,TTR55,70,12.480952380952381,8.107142857142858,1.4547619047619047,0,1.5213675213675213,3.9080151542635844
630,TTR56,217,15.12126540339456,8.132960842439743,1.7299319925598697,0.3787801420945355,6.551042872860091,5.149759417602135
631,TTR57,169,13.444992507492508,7.505546536796537,1.5309065934065935,0.46054560963388624,6.523491898305255,4.8150642557664565
632,TTR58,150,11.5385101,7.655855429292929,1.454229797979798,0.06097561,3.558088519379284,4.773834467646616
633,TTR59,185,12.72718253968254,7.009176587301587,1.6736111111111112,1.3091741428044734,4.070780550667583,4.462390632420192
634,TTR60,227,11.039393939393939,6.715446127946128,1.5694444444444444,0.2380952380952381,5.726344628189503,4.508778949178958
635,TTR61,237,13.968589743589744,7.464182692307692,1.6092948717948716,0.2716114634719286,4.694522746848328,4.778548990991551
636,VVN01,231,14.221115728900255,8.319023959,1.6623161764705883,0.6351369751482584,4.8952093453074585,5.520162752875172
637,VVN03,157,11.508056526806527,7.800118978243978,1.4584498834498836,1.0429126333312781,6.508969818,4.658065920265071
638,VVN04,188,12.407472527472528,8.323272283272283,1.478150183150183,0.40264344462294244,5.352704302608656,5.091109283829111
639,VVN05,182,12.25965022296544,7.4809558550287445,1.627770673486786,0.5136972557878543,6.493564067656463,5.465848653816048
640,VVN06,219,11.511160714285715,7.818524718915343,1.504141865079365,1.038243224066979,6.274858602,4.887933326
641,VVN09,139,11.750270562770563,9.232142857142858,1.333603896103896,0.5049470381602327,4.669457891089967,4.646712165086108
642,VVN10,243,13.348817757534864,7.5514085695006745,1.6607484255510572,0.45584356585865005,5.981228419134711,4.917058651111782
643,VVN11,189,9.672549019607843,7.119632352941176,1.3360784313725491,0.8880505241485602,3.0869813166518245,4.663227417860016
644,VVN12,219,13.211111111111112,8.138541666666667,1.5,0.2571526786186472,6.254052829348476,5.015673498633074
645,VVN13,214,6.840350877192982,4.528033625730995,1.3114035087719298,0.1524390243902439,1.7976980805311014,3.4586031995506463
646,VVN15,187,13.935061315496098,8.405991034931251,1.6411069305091044,0.46483097469939577,4.700107858002594,5.557310368974719
647,VVN16,193,12.575793650793651,7.365091390091389,1.5851010101010101,0.35676465,5.741873095830135,4.960374979218054
648,VVN17,170,10.456944444444446,7.215277777777778,1.3083333333333333,0,5.254227053140096,3.740077895537302
649,VVN18,197,11.403304195804196,8.224284673659673,1.3860183566433566,0.5382731341353978,4.007302379055558,4.813016176557108
650,VVN19,180,10.443070652173914,7.537998188405798,1.3277173913043478,0.15592515592515593,4.303052696991054,4.774930771260261
651,VVN20,118,12.704803388746804,8.410023044543905,1.4441336317135551,0.42078549684742844,5.206285355383562,5.060527443506832
652,VVN21,207,12.043315018315019,7.421810134310134,1.560989010989011,0.257201646,5.4876904576556615,5.215761261488833
653,VVN22,268,12.50633971291866,7.889340111642743,1.5708931419457737,0.6777645293725573,5.822191057131965,5.381474657676642
654,VVN23,194,14.167149122807018,8.789042397660818,1.5410745614035088,0.6723083403393363,4.766700397820086,5.6297156610129555
655,VVN24,217,11.131746031746031,8.026190476190477,1.4347222222222222,0.6765177892170745,5.212360513302675,5.253172686629533
656,VVN25,157,12.125678918782366,8.862647888509958,1.3948465327775672,0.7785243975335411,3.8043799419523023,5.576162588933844
657,VVN26,202,9.814814814814815,7.038580246913581,1.3460648148148149,0.8079756764057809,4.3442398788608205,4.822065117035692
658,VVN27,188,16.30029761904762,10.215674603174604,1.5083333333333333,0.6210526315789473,6.3521028317998205,5.313191274388916
659,VVN28,141,9.639036209449454,7.195306681024813,1.2902409476376362,1.2726611260368934,3.7067856916117883,5.098502851239756
660,VVN29,240,16.251174335432903,8.618218657699014,1.7852300629870823,0.6900230075906963,6.097625578628798,5.497459840499106
661,VVN30,192,10.746127450980392,8.001995214752569,1.3702450980392156,0.22775521981985697,4.273422822108077,4.701476818399345
662,VVN31,229,13.765873015873016,9.238740079365078,1.5466269841269842,0.1984126984126984,5.438455887263741,4.865534214300077
663,VVN32,153,12.438664853664854,8.663222827,1.4482336182336182,0.2552944007700947,3.432220101658785,5.168770837855308
664,VVN33,185,12.797207633053223,7.548708858543417,1.5918504901960784,0.7951631766249583,3.9776554997961737,5.137076419291974
665,VVN35,162,11.56304347826087,7.744685990338164,1.4839464882943143,0.17482517482517482,4.012104247953305,5.0145619955702045
666,VVN36,157,14.604499530075188,8.990421039578113,1.5340434419381788,0.9746995930143832,5.8677634439434785,4.978296395370558
667,VVN37,180,13.98623188405797,8.973647343,1.508257055682685,0.48661439894689235,5.825536135221667,4.699335763970107
668,VVN38,164,14.519607843137255,9.416383636788048,1.4644957983193276,0.8991545801623735,6.754929285688867,4.6573915387880405
669,VVN39,186,10.568477564102565,6.916449430199431,1.3863621794871794,0.2130681818181818,4.474388712918584,4.523929929465203
670,VVN40,261,12.931390977443609,7.917362851573378,1.5780075187969924,0.2497889981133949,5.790209557040258,5.1904124393375675
671,VVN41,161,13.567424242424241,9.189989177489178,1.459848484848485,0.6747246725345126,3.9337497354762765,5.026615263095482
672,VVN42,194,13.909128275816254,8.837741914947799,1.567579798717906,0.5032679679939153,4.704277486,5.158362348739707
673,VVN43,191,13.101535087719299,7.830994152046784,1.619188596491228,0.4872955099199443,5.497498997744694,5.079203876625864
674,VVN44,229,14.025569358178053,9.008333333333333,1.577415458937198,0.5219937323563073,4.811495626136892,5.238640918571569
675,VVN45,165,5.911538461538462,4.833012821,1.157051282051282,0,3.3677513558614933,3.360153858322172
676,VVN46,152,21.116666666666667,10.727777777777778,1.9416666666666667,0.5523451108407484,6.567620925773288,5.418267799
677,VVN47,245,13.968363761842022,9.045783926218709,1.5193864106907586,0.26455026455026454,4.156672497850878,4.693557254812097
678,VVN48,232,9.965151515151515,7.046212121212122,1.2840909090909092,0.515788702,3.711099237281033,3.8217063214104905
679,VVN49,215,13.753949175824175,8.441434867216117,1.6006181318681318,0.3124400996741422,5.697255541426953,4.518545529770604
680,VVN50,275,13.084396597554493,8.628829412546517,1.5360346889952152,0.48118862661352724,5.431259778332519,5.231148940457892
681,VVN51,218,13.454798761609908,8.028600447196423,1.5846130030959753,0.8701342101091541,5.211292564555173,5.509570476
682,VVN53,127,13.285236985236985,8.807064232064231,1.4778749028749028,0.5576800432021884,6.6215031690412305,4.959252859070515
683,VVN55,209,11.676593137254901,7.704702818627451,1.4808210784313727,0.6262049724456913,3.825741631235366,5.108767790253907
684,VVN56,214,12.326642036124795,8.551126479,1.4584691170898068,0.35055153971503783,4.343015124,4.827463573399342
685,VVN57,233,12.989974937343359,7.652191375875587,1.6028532870638135,0.5622688342011737,5.923882874140902,5.043599222483979